Year,Coal,Manufactured fuels,Petroleum products,Gas,Bioenergy & wastes,Total
2005,1957.635035,1240.672709,38041.34517,59111.93623,1676.021256,102027.6104
2006,2142.87039,1211.820478,34204.95643,57060.86014,1537.667429,96158.17487
2007,2210.003966,1245.675312,32177.18297,57794.17924,1613.135341,95040.17682
2008,2456.442427,1002.587917,33410.12798,55702.38257,1807.950855,94379.49175
2009,2249.578972,1064.651849,30816.73048,49651.24129,3275.479113,87057.68171
2010,2192.981916,997.4567856,30432.28796,51555.81097,4282.47766,89461.0153
2011,2158.864776,909.5966637,29896.25125,49491.59993,4153.45226,86609.76488
2012,1975.57797,894.8961755,29351.55705,49012.43194,4305.285343,85539.74848
