"Area"	"Case Volumes"	"Proportion of Cases"
"Other"	50769	0.890996840996841
"Scotland"	6211	0.109003159003159
