"Outcome"	"Proportion of Cases"
"Upheld"	0.595878280470134
"Settled"	0.240862985026566
"Maintained"	0.0970858154886492
"Not Upheld"	0.0655289003381098
