"Complaint Type"	"Proportion of Cases"
"Billing"	0.578811785541781
"Transfer"	0.0933827080985349
"Meter"	0.0927386894219932
"Customer Service"	0.0774432458541298
"Payments and Debt"	0.0491064240862985
"Backbilling"	0.0434712606665593
"Smart Meters"	0.0376750925776848
"Sales"	0.0228626630172275
