Region,Large,Medium,Small
Northern Scotland,0.80059585166561908,0.1469050911376493,5.2499057196731647E-2
Southern Scotland,0.74594394031303013,0.18876342910632746,6.5292630580642386E-2
