Size,Northern Scotland,Southern Scotland
Large,0.8005958516656191,0.7459439403130301
Medium,0.1469050911376493,0.18876342910632746
Small,0.05249905719673165,0.06529263058064239
